Carry,TotalDistance,BallSpeed,BackSpin,SideSpin,HLA,VLA,Decent,DistanceToPin,PeakHeight,Offline,rawSpinAxis,rawCarryGame,rawCarryLM,Club,ClubSpeed,Path,AoA,FaceToTarget,FaceToPath,Lie,Loft,DynamicLoft,CR,HI,VI,SmashFactor
59.01521,63.30672,58.70402,6875.846,-1963.609,-5.002,25.492,34.10091,189.86 yds,27.06492,-8.48221,-15.93832,58.86683,58.06649,LW,57.16948,5.602,0,0,5.602,0,0,0,0,0,0,1.026842
58.11833,62.76949,57.03749,7968.077,-1176.958,0.586,29.374,38.84528,189.52 yds,32.02093,-1.250366,-8.402355,57.74628,57.09208,LW,59.70169,5.828,-4.134,0,5.828,0,0,0,0,0,0,0.9553748
61.64842,65.41177,59.15364,7741.707,-1572.926,-2.362,28.754,38.9161,187.19 yds,33.55698,-5.319884,-11.48478,61.35337,60.79724,LW,59.95223,3.585,-3.903,0,3.585,0,0,0,0,0,0,0.9866796
57.0379,61.12184,55.9481,4042.588,-1715.498,-2.296,34.042,42.26876,191.65 yds,35.9567,-6.219153,-22.99425,56.67917,56.98491,LW,45.08329,4.855,6.545,0,4.855,0,0,0,0,0,0,1.240994
52.05752,56.84206,53.26378,7256.13,-453.467,0.363,31.085,38.45532,195.43 yds,29.67882,-0.2878543,-3.576011,51.80787,51.38124,LW,58.7935,0.952,-4.57,0,0.952,0,0,0,0,0,0,0.9059468
69.70834,81.32485,66.80845,5911.941,6.808,1.065,19.691,28.03623,170.97 yds,24.861,1.313081,0.06597994,69.67331,69.08027,SW,58.41992,1.778,-5.94,0,1.778,0,0,0,0,0,0,1.14359
68.41302,73.20705,62.83564,8183.583,-945.379,-1.909,29.13,41.02424,179.27 yds,39.53018,-4.272062,-6.589679,67.92325,67.0899,SW,61.4465,2.899,-4.488,0,2.899,0,0,0,0,0,0,1.022607
47.19526,56.23078,55.17413,4436.337,2411.675,18.285,20.969,25.43488,201.58 yds,15.96592,17.88237,28.52932,47.09601,46.97397,SW,55.36874,1.606,-0.893,0,1.606,0,0,0,0,0,0,0.9964851
75.83093,80.159,66.92253,6886.187,-1693.583,-4.886,29.13,41.47711,173.44 yds,44.63846,-11.2193,-13.81705,75.12672,74.93658,SW,60.94767,1.795,-4.658,0,1.795,0,0,0,0,0,0,1.098033
54.16021,58.28568,54.92359,6202.275,-1361.237,-4.25,29.372,37.09761,194.49 yds,28.65894,-6.163439,-12.37866,53.96392,53.52472,SW,51.30198,1.329,-2.408,0,1.329,0,0,0,0,0,0,1.070594
49.91014,54.24026,53.55906,6334.38,-1263.065,-7.305,25.666,32.71048,198.93 yds,21.98939,-7.977554,-11.27678,49.76773,49.55381,SW,47.91302,0.009,-5.662,0,0.009,0,0,0,0,0,0,1.117839
95.29311,99.81145,77.66208,7180.597,-1546.439,-1.57,28.337,44.94984,153.27 yds,60.6108,-9.325761,-12.15379,94.20043,94.30337,GW,64.81757,3.639,-1.835,0,3.639,0,0,0,0,0,0,1.198164
90.35698,95.64013,75.35356,5914.875,-2034.018,-3.987,25.472,39.09795,158.81 yds,47.63014,-14.92882,-18.97716,89.49123,89.44991,GW,63.1175,2.221,-2.67,0,2.221,0,0,0,0,0,0,1.193862
82.77148,89.19507,71.62682,4413.866,-1857.393,-5.051,24.615,35.24156,165.52 yds,38.91945,-15.26301,-22.82178,82.31746,82.35455,GW,58.88521,2.787,0.091,0,2.787,0,0,0,0,0,0,1.216381
86.91599,91.50056,73.20834,7372.624,-1186.538,-0.88,25.841,39.99594,161.07 yds,47.24809,-5.543457,-9.142691,86.19863,85.86067,GW,65.95393,3.414,-2.858,0,3.414,0,0,0,0,0,0,1.109992
87.22966,94.0254,73.42756,3659.783,-1890.183,-5.507,25.831,37.41251,161.7 yds,43.19708,-18.32651,-27.31518,86.68913,86.9357,GW,57.19184,4.207,1.746,0,4.207,0,0,0,0,0,0,1.283882
96.87272,103.7655,77.87907,5969.097,-399.446,3.391,29.066,45.55033,148.62 yds,62.52506,3.581081,-3.828468,95.78037,96.37358,GW,61.48677,5.269,-3.738,0,5.269,0,0,0,0,0,0,1.266599
107.756,114.6586,83.28351,4221.065,-1303.241,-1.94,24.448,39.44202,139.34 yds,55.77563,-13.53623,-17.15791,106.7441,107.1085,PW,61.58743,3.429,-2.212,0,3.429,0,0,0,0,0,0,1.352281
112.5634,120.2232,86.05732,5757.821,-221.759,2.736,26.578,44.83648,132.17 yds,70.05255,3.7403,-2.205622,111.1044,111.6317,PW,66.36106,3.939,-4.608,0,3.939,0,0,0,0,0,0,1.296804
109.7568,115.6925,84.99701,5341.081,-1421.888,-1.166,24.312,41.59492,137.88 yds,59.50663,-11.87399,-14.90738,108.6198,108.6614,PW,65.64077,4.846,-2.882,0,4.846,0,0,0,0,0,0,1.294881
104.1327,110.6218,83.90986,5420.518,-1920.559,-1.803,20.435,35.52107,143.63 yds,45.24111,-14.46753,-19.50989,103.3402,103.6549,PW,65.03455,7.612,-4.191,0,7.612,0,0,0,0,0,0,1.290235
123.2253,130.428,93.80161,4222.691,-2514.395,-5.301,21.28,38.80661,131.98 yds,58.15217,-33.3372,-30.77162,121.8122,122.3064,PW,67.15294,6.681,-3.889,0,6.681,0,0,0,0,0,0,1.396835
114.8369,124.6598,87.96543,5128.615,-857.826,5.382,20.595,37.97967,127.76 yds,52.61576,4.187886,-9.495545,113.7336,114.1339,I9,67.45716,7.741,-5.22,0,7.741,0,0,0,0,0,0,1.304019
103.2245,112.2354,84.19842,4721.072,-761.25,7.026,17.312,30.00989,140.57 yds,36.63969,7.681178,-9.159825,102.6901,102.4661,I9,66.63174,6.772,0,0,6.772,0,0,0,0,0,0,1.263638
113.3914,128.2123,89.90486,4747.723,-179.165,1.002,15.302,29.7153,124.06 yds,37.44058,0.6012232,-2.161147,112.9589,112.4716,I9,67.78823,5.23,-5.511,0,5.23,0,0,0,0,0,0,1.326261
116.5438,124.1606,91.37006,4717.519,-2038.454,-0.294,17.891,33.45606,130.61 yds,45.484,-16.26396,-23.36932,115.6726,115.4615,I9,67.90231,6.754,-5.239,0,6.754,0,0,0,0,0,0,1.34561
113.8738,124.8248,88.12872,4863.651,-803.25,4.168,18.845,35.00675,127.48 yds,46.73056,2.071651,-9.377958,112.9059,112.8139,I9,68.62485,6.634,-4.224,0,6.634,0,0,0,0,0,0,1.28421
122.6654,129.1602,91.24478,5323.663,237.662,5.837,21.924,40.36354,124.96 yds,63.14505,14.34971,2.556134,121.3094,121.5617,I9,67.27374,6.736,-6.838,0,6.736,0,0,0,0,0,0,1.356321
96.74368,117.341,87.30553,3096.969,-1514.005,1.667,13.233,21.96038,135.86 yds,23.63553,-7.680714,-26.05247,97.0216,96.93023,I8,65.49313,5.458,-6.445,0,5.458,0,0,0,0,0,0,1.333049
139.7189,148.0578,99.32461,4182.18,-261.754,5.724,18.423,36.89938,105.24 yds,61.10365,10.53093,-3.581353,138.283,139.241,I8,69.41672,6.5,-4.758,0,6.5,0,0,0,0,0,0,1.430846
123.5349,137.7508,95.96025,3894.33,-775.074,-0.443,13.686,26.91923,115.35 yds,36.66712,-8.71626,-11.25628,123.0854,122.3392,I8,66.87332,5.768,-4.255,0,5.768,0,0,0,0,0,0,1.434956
106.7901,128.9027,98.8884,3281.793,-2066.73,-0.9,9.494,17.63576,127.38 yds,19.89985,-17.01266,-32.20093,107.1163,106.3036,I8,69.155,9.184,-5.258,0,9.184,0,0,0,0,0,0,1.429953
118.6602,139.591,98.57524,3029.012,-1889.322,-0.876,12.85,23.16895,118 yds,30.48206,-20.21629,-31.95352,118.3927,118.5138,I8,70.88639,7.129,-5.117,0,7.129,0,0,0,0,0,0,1.390609
106.5559,129.4045,98.93092,3090.147,-1656.642,2.567,9.024,15.80902,123.98 yds,18.69127,-8.36791,-28.19596,107.2174,106.3856,I7,68.24009,8.702,-5.219,0,8.702,0,0,0,0,0,0,1.449748
139.9438,167.4021,105.6865,3365.327,-966.34,6.301,11.646,25.62144,84.88 yds,36.94473,2.317935,-16.02121,139.4654,139.93,I7,71.93999,8.817,-5.687,0,8.817,0,0,0,0,0,0,1.469092
114.9226,142.9891,101.4363,3033.493,-664.668,1.289,8.143,15.64141,109.57 yds,19.04482,-3.980799,-12.35876,115.7645,115.2297,I7,70.65823,6.785,-5.395,0,6.785,0,0,0,0,0,0,1.435591
66.3518,90.48068,89.70801,1085.992,-2265.967,-0.969,10.171,12.29602,163.92 yds,10.19095,-9.793464,-64.39337,66.3801,67.09427,I7,68.74341,7.384,-4.656,0,7.384,0,0,0,0,0,0,1.304969
128.6295,141.5806,97.55296,3872.713,5.035,7.336,13.725,28.36419,113.32 yds,39.18272,16.41772,0.07449147,128.1461,128.2666,I7,65.46852,7.298,-6.619,0,7.298,0,0,0,0,0,0,1.490074
87.01431,112.4676,88.88034,1705.054,-1254.548,1.566,11.695,15.78791,140.76 yds,16.62916,-7.008928,-36.34496,87.3978,88.15836,I7,70.24439,7.211,-5.456,0,7.211,0,0,0,0,0,0,1.265302
145.7214,156.5815,103.7291,3350.572,397.117,7.585,14.807,31.67661,101.82 yds,49.42398,25.09923,6.759286,144.8213,145.7699,I7,70.64033,8.305,-5.974,0,8.305,0,0,0,0,0,0,1.468413
68.76129,105.9347,85.68152,1082.38,-943.85,2.766,10.311,11.69518,146.58 yds,10.61804,-2.158602,-41.08887,69.32375,71.11767,I7,66.89122,7.818,-4.071,0,7.818,0,0,0,0,0,0,1.280908
119.704,140.7253,99.19934,3734.25,649.584,7.87,9.814,20.69328,117.36 yds,25.42054,22.55371,9.868029,120.0002,119.1207,I7,70.4994,8.987,-5.727,0,8.987,0,0,0,0,0,0,1.407095
111.4861,134.1131,100.8457,3368.642,301.372,5.524,7.239,14.52299,120.29 yds,16.90344,13.49922,5.112296,112.6047,111.332,I6,70.44572,6.841,-3.4,0,6.841,0,0,0,0,0,0,1.431538
133.4322,161.101,106.7378,2170.396,-884.56,1.526,10.763,19.88634,92.87 yds,28.02098,-10.1472,-22.17369,133.9424,135.5446,I6,71.07206,6.416,-4.938,0,6.416,0,0,0,0,0,0,1.501825
78.44239,114.236,102.5458,2426.178,-1164.226,-1.686,4.317,6.120214,139.44 yds,5.822618,-8.193349,-25.63449,80.36943,79.33071,I6,70.75889,7.218,-5.412,0,7.218,0,0,0,0,0,0,1.449229
76.21588,135.8091,102.2259,2167.053,-828.691,1.98,4.304,6.331107,116.67 yds,5.468962,-1.602238,-20.92708,78.45464,77.60499,I6,70.78573,9.951,-5.188,0,9.951,0,0,0,0,0,0,1.44416
121.2179,146.751,107.7556,2321.52,-1124.665,2.164,8.244,15.19177,106.78 yds,19.27903,-8.833809,-25.84796,122.082,122.2211,I6,72.15697,6.373,-4.712,0,6.373,0,0,0,0,0,0,1.49335
28.24524,67.48804,68.41234,424.127,810.114,1.633,7.521,7.202574,185.09 yds,2.883161,1.835547,62.36615,28.17029,28.99388,I6,60.205,12.94,2.613,0,12.94,0,0,0,0,0,0,1.136323
130.595,148.5858,100.7003,3732.43,334.13,11.412,11.669,24.52405,112.84 yds,34.17516,29.50694,5.115526,130.2819,130.0241,I6,68.12601,9.023,-6.035,0,9.023,0,0,0,0,0,0,1.478148
66.51717,124.3031,101.5839,2002.705,-1071.814,2.28,2.879,5.041607,128.19 yds,4.2242,-0.5417015,-28.15494,54.92998,53.34318,I5,68.7859,9.217,-4.116,0,9.217,0,0,0,0,0,0,1.476813
90.5247,127.0252,110.2386,1404.837,-1638.03,2.894,6.868,8.865576,126.57 yds,9.933864,-6.994038,-49.38235,91.59406,92.05271,I5,72.79897,8.745,-4.28,0,8.745,0,0,0,0,0,0,1.514288
38.15543,64.16644,103.0692,778.473,-2628.892,-1.978,2.89,3.93231,188.83 yds,2.125888,-2.611351,-73.50481,28.91964,28.36395,I5,69.96701,8.744,-5.798,0,8.744,0,0,0,0,0,0,1.473112
65.40277,109.008,103.0916,1774.977,-1016.671,0.539,2,5.316482,143.72 yds,4.056917,-1.066912,-29.80321,40.41945,1.003937,I5,71.13245,8.605,-5.949,0,8.605,0,0,0,0,0,0,1.449291
30.53025,66.94034,94.22215,526.996,-1636.249,-3.756,2,3.777906,186.17 yds,1.65893,-1.470366,-72.14751,16.02783,0.9175416,I5,68.03206,6.406,-6.73,0,6.406,0,0,0,0,0,0,1.384967
61.45372,95.11459,104.5725,1718.493,-1568.505,0.528,2.262,4.463482,157.76 yds,3.748197,-1.743113,-42.38736,40.9615,39.57568,I5,69.06105,7.968,-5.563,0,7.968,0,0,0,0,0,0,1.514203
136.6869,172.5002,109.6727,1425.556,-814.928,5.285,12.046,19.00894,80.19 yds,29.23816,-3.000102,-29.75471,137.1504,141.273,H5,74.90617,6.035,-5.023,0,6.035,0,0,0,0,0,0,1.464134
138.6076,159.8493,110.9791,4105.965,-595.941,8.268,6.968,20.05571,94.2 yds,25.4216,13.13892,-8.258261,138.8675,137.4814,H5,75.60857,6.511,-5.904,0,6.511,0,0,0,0,0,0,1.467811
149.0902,184.7345,114.3747,3663.417,-31.992,3.386,7.308,20.67138,244.46 yds,28.7132,8.368162,-0.5003417,149.438,148.7926,H5,75.31106,3.84,-7.104,0,3.84,0,0,0,0,0,0,1.518698
165.4147,188.893,115.5491,3374.952,-284.519,3.495,11.013,28.16577,239.92 yds,46.62756,4.741402,-4.81882,164.4534,165.864,H5,75.37593,2.818,-3.631,0,2.818,0,0,0,0,0,0,1.532971
157.0717,191.2046,113.1825,2511.435,-848.398,2.885,11.764,24.83587,238.31 yds,40.67635,-8.73603,-18.66569,156.8128,158.4952,H5,73.95995,2.912,-3.718,0,2.912,0,0,0,0,0,0,1.530321
119.8915,157.6924,119.6159,2003.918,-1096.48,-2.371,5.301,10.00727,100.16 yds,12.00544,-17.9481,-28.68607,122.3784,122.1566,H4,79.93929,0.736,-3.784,0,0.736,0,0,0,0,0,0,1.496334
111.274,176.3758,118.5019,1770.643,-795.473,4.044,4.971,8.048608,76.12 yds,9.753235,-0.7346506,-24.19231,113.9621,114.1514,H4,78.56805,7.065,-4.494,0,7.065,0,0,0,0,0,0,1.508271
127.9926,154.8984,107.7691,2095.459,-442.988,6.822,8.699,15.95926,98.15 yds,21.28596,8.783186,-11.93679,129.2235,137.6072,H4,73.95324,8.661,-1.983,0,8.661,0,0,0,0,0,0,1.457259
70.35574,80.97158,68.61813,1880.509,-2367.519,13.415,22.802,29.19559,171.67 yds,26.68416,6.370779,-51.54005,70.09013,69.86768,H4,47.27102,10.183,7.613,0,10.183,0,0,0,0,0,0,1.45159
96.46024,123.9728,102.8769,925.014,-1947.256,3.976,12.084,15.35972,130.29 yds,18.51098,-9.614888,-64.59066,96.2083,97.71216,H4,73.62888,7.073,-4.707,0,7.073,0,0,0,0,0,0,1.397235
96.31616,123.4354,104.1765,1039.225,-2370.083,-2.554,11.835,15.62762,136.73 yds,18.34174,-21.89728,-66.32369,96.2331,97.5514,H4,74.26194,6.712,-3.808,0,6.712,0,0,0,0,0,0,1.402825
179.4282,218.3618,130.5545,2282.322,-1164.912,2.461,8.702,20.91563,214.16 yds,36.31953,-19.97454,-27.04006,179.3629,182.0866,W3,84.87398,4.99,-3.902,0,4.99,0,0,0,0,0,0,1.538216
191.8613,222.1245,127.7807,2467.274,-626.897,4.567,10.687,27.1475,206.67 yds,50.6924,-2.35149,-14.25631,190.9013,194.3318,W3,84.71291,6.81,-2.632,0,6.81,0,0,0,0,0,0,1.508397
175.4248,207.3179,122.8796,2492.296,-1169.393,6.161,11.34,26.00751,222.16 yds,46.55362,-8.037724,-25.13611,174.6082,177.2058,W3,80.74236,3.306,0,0,3.306,0,0,0,0,0,0,1.521873
202.3397,219.7656,129.87,3232.178,-168.773,6.634,11.865,34.53843,210.82 yds,69.51824,18.51769,-2.98907,199.9508,203.4678,W3,84.84267,4.709,-1.468,0,4.709,0,0,0,0,0,0,1.530716
154.4625,165.8006,106.324,3946.928,-1230.032,2.278,21.058,43.34669,263.94 yds,81.72781,-12.87972,-17.30927,152.3842,154.0179,W3,78.28172,3.808,-0.649,0,3.808,0,0,0,0,0,0,1.358222
218.9716,239.7289,138.5695,2007.748,-654.852,4.262,11.54,28.09333,16.76 yds,60.29305,-8.680015,-18.06438,217.5988,223.7216,DR,91.4036,1.919,1.868,0,1.919,0,0,0,0,0,0,1.516018
207.0625,227.1665,129.7626,2494.75,308.79,-2.011,13.083,33.40403,25.43 yds,69.59156,2.996631,7.055951,205.086,210.0777,DR,89.76392,3.983,-1.025,0,3.983,0,0,0,0,0,0,1.445599
203.5081,235.0282,136.7039,1832.5,-674.089,2.789,9.972,22.93918,24.88 yds,44.70815,-12.89232,-20.19615,203.398,208.0479,DR,91.03004,3.123,1.914,0,3.123,0,0,0,0,0,0,1.501745
211.6962,225.5891,128.3847,1874.289,-591.248,2.129,17.133,35.91697,32.54 yds,83.47459,-15.78308,-17.50798,209.4368,216.5529,DR,89.74603,5.12,2.13,0,5.12,0,0,0,0,0,0,1.430534
204.7677,235.0391,130.4673,1285.277,-579.304,5.796,15.216,26.75465,18.29 yds,60.79195,-3.092341,-24.26219,203.9128,213.0217,DR,89.42392,4.909,1.636,0,4.909,0,0,0,0,0,0,1.458975
